Name,Regular price,Attribute name,Images,Product description
Infinite Treatment Primer SPF 30,$65.00 ,,"https://shiseido.ipscdn.net/sa2/dw/image/v2/BBSK_PRD/on/demandware.static/-/Sites-itemmaster_shiseido/default/dw2460061d/images/2022/March/Future%20Solution%20Primer/0730852181205_1.jpg?sw=100&sh=100&sm=fit, https://shiseido.ipscdn.net/sa2/dw/image/v2/BBSK_PRD/on/demandware.static/-/Sites-itemmaster_shiseido/default/dw210bb5ce/images/2022/March/Future%20Solution%20Primer/0730852181205_2.jpg?sw=100&sh=100&sm=fit, https://shiseido.ipscdn.net/sa2/dw/image/v2/BBSK_PRD/on/demandware.static/-/Sites-itemmaster_shiseido/default/dw5cf6d19c/images/2022/March/Future%20Solution%20Primer/0730852181205_3.jpg?sw=100&sh=100&sm=fit, https://shiseido.ipscdn.net/sa2/dw/image/v2/BBSK_PRD/on/demandware.static/-/Sites-itemmaster_shiseido/default/dwf11966f2/images/2022/March/Future%20Solution%20Primer/0730852181205_4.jpg?sw=100&sh=100&sm=fit",A dual-purpose primer with skincare and makeup benefits that hydrates for 8 hours* and corrects uneven skin tone to help achieve a radiant even complexion.
SYNCHRO SKIN SELF-REFRESHING Tint SPF 20,$43.00 ,"Select Color, 115- Fair Shirakaba, 125- Fair Asterid, 215- Light Buna, 225- Light Magnolia, 235- Light Hiba, 315- Medium Matsu, 325- Medium Keyaki, 335- Medium Katsura, 415- Tan Kwanzan, 425- Tan Ume, 515- Deep Tsubaki, 525- Deep Kuromoji","https://shiseido.ipscdn.net/sa2/dw/image/v2/BBSK_PRD/on/demandware.static/-/Sites-itemmaster_shiseido/default/dw154d0763/images/2021/September/Synchro%20Tint%20SPF%2020/0730852171312_4.jpg?sw=100&sh=100&sm=fit, https://shiseido.ipscdn.net/sa2/dw/image/v2/BBSK_PRD/on/demandware.static/-/Sites-itemmaster_shiseido/default/dw225be81e/images/2021/September/Synchro%20Tint%20SPF%2020/0730852171312_6.jpg?sw=100&sh=100&sm=fit, https://shiseido.ipscdn.net/sa2/dw/image/v2/BBSK_PRD/on/demandware.static/-/Sites-itemmaster_shiseido/default/dwddb9e74e/images/2021/September/Synchro%20Tint%20SPF%2020/0730852171268_3.jpg?sw=100&sh=100&sm=fit, https://shiseido.ipscdn.net/sa2/dw/image/v2/BBSK_PRD/on/demandware.static/-/Sites-itemmaster_shiseido/default/dwa22c35a7/images/2022/April/Hunter-Schafer/Foundation/9990000000211_5.jpg?sw=100&sh=100&sm=fit, https://shiseido.ipscdn.net/sa2/dw/image/v2/BBSK_PRD/on/demandware.static/-/Sites-itemmaster_shiseido/default/dw2dd33eac/images/2021/September/Synchro%20Tint%20SPF%2020/0730852171312_1.jpg?sw=100&sh=100&sm=fit, https://shiseido.ipscdn.net/sa2/dw/image/v2/BBSK_PRD/on/demandware.static/-/Sites-itemmaster_shiseido/default/dweb7e9f3d/images/2021/September/Synchro%20Tint%20SPF%2020/SHI-WEB-F21-82_PDP_SMU_SS_Self-RefreshingTint_MediumMatsu_t_2000x2000_72dpi.jpg?sw=100&sh=100&sm=fit, https://shiseido.ipscdn.net/sa2/dw/image/v2/BBSK_PRD/on/demandware.static/-/Sites-itemmaster_shiseido/default/dwcdf956f6/images/2021/September/Synchro%20Tint%20SPF%2020/0730852171312_3.jpg?sw=100&sh=100&sm=fit, https://shiseido.ipscdn.net/sa2/dw/image/v2/BBSK_PRD/on/demandware.static/-/Sites-itemmaster_shiseido/default/dwc23f5d28/images/2021/September/Synchro%20Tint%20SPF%2020/0730852171312_5.jpg?sw=100&sh=100&sm=fit, https://shiseido.ipscdn.net/sa2/dw/image/v2/BBSK_PRD/on/demandware.static/-/Sites-itemmaster_shiseido/default/dw154d0763/images/2021/September/Synchro%20Tint%20SPF%2020/0730852171312_4.jpg?sw=100&sh=100&sm=fit, https://shiseido.ipscdn.net/sa2/dw/image/v2/BBSK_PRD/on/demandware.static/-/Sites-itemmaster_shiseido/default/dw225be81e/images/2021/September/Synchro%20Tint%20SPF%2020/0730852171312_6.jpg?sw=100&sh=100&sm=fit, https://shiseido.ipscdn.net/sa2/dw/image/v2/BBSK_PRD/on/demandware.static/-/Sites-itemmaster_shiseido/default/dwddb9e74e/images/2021/September/Synchro%20Tint%20SPF%2020/0730852171268_3.jpg?sw=100&sh=100&sm=fit, https://shiseido.ipscdn.net/sa2/dw/image/v2/BBSK_PRD/on/demandware.static/-/Sites-itemmaster_shiseido/default/dwa22c35a7/images/2022/April/Hunter-Schafer/Foundation/9990000000211_5.jpg?sw=100&sh=100&sm=fit, https://shiseido.ipscdn.net/sa2/dw/image/v2/BBSK_PRD/on/demandware.static/-/Sites-itemmaster_shiseido/default/dw2dd33eac/images/2021/September/Synchro%20Tint%20SPF%2020/0730852171312_1.jpg?sw=100&sh=100&sm=fit, https://shiseido.ipscdn.net/sa2/dw/image/v2/BBSK_PRD/on/demandware.static/-/Sites-itemmaster_shiseido/default/dweb7e9f3d/images/2021/September/Synchro%20Tint%20SPF%2020/SHI-WEB-F21-82_PDP_SMU_SS_Self-RefreshingTint_MediumMatsu_t_2000x2000_72dpi.jpg?sw=100&sh=100&sm=fit, https://shiseido.ipscdn.net/sa2/dw/image/v2/BBSK_PRD/on/demandware.static/-/Sites-itemmaster_shiseido/default/dwcdf956f6/images/2021/September/Synchro%20Tint%20SPF%2020/0730852171312_3.jpg?sw=100&sh=100&sm=fit, https://shiseido.ipscdn.net/sa2/dw/image/v2/BBSK_PRD/on/demandware.static/-/Sites-itemmaster_shiseido/default/dwc23f5d28/images/2021/September/Synchro%20Tint%20SPF%2020/0730852171312_5.jpg?sw=100&sh=100&sm=fit, https://shiseido.ipscdn.net/sa2/dw/image/v2/BBSK_PRD/on/demandware.static/-/Sites-itemmaster_shiseido/default/dw154d0763/images/2021/September/Synchro%20Tint%20SPF%2020/0730852171312_4.jpg?sw=100&sh=100&sm=fit, https://shiseido.ipscdn.net/sa2/dw/image/v2/BBSK_PRD/on/demandware.static/-/Sites-itemmaster_shiseido/default/dw225be81e/images/2021/September/Synchro%20Tint%20SPF%2020/0730852171312_6.jpg?sw=100&sh=100&sm=fit, https://shiseido.ipscdn.net/sa2/dw/image/v2/BBSK_PRD/on/demandware.static/-/Sites-itemmaster_shiseido/default/dwddb9e74e/images/2021/September/Synchro%20Tint%20SPF%2020/0730852171268_3.jpg?sw=100&sh=100&sm=fit, https://shiseido.ipscdn.net/sa2/dw/image/v2/BBSK_PRD/on/demandware.static/-/Sites-itemmaster_shiseido/default/dwa22c35a7/images/2022/April/Hunter-Schafer/Foundation/9990000000211_5.jpg?sw=100&sh=100&sm=fit","A weightless skin tint formulated with Hyaluronic Acid that adapts and responds to your skin’s needs. Provides 24H hydration, light coverage, and a natural skin-like finish that lasts all day."
Total Radiance Foundation SPF 20,$92.00 ,"Select Color, Neutral 1/N1, OUT OF STOCK -Neutral 2/N2, OUT OF STOCK -Neutral 4/N4, Rose 2/R2, OUT OF STOCK -Rose 3/R3","https://shiseido.ipscdn.net/sa2/dw/image/v2/BBSK_PRD/on/demandware.static/-/Sites-itemmaster_shiseido/default/dw1237054c/images/hi-res/730852139350_A1.jpg?sw=100&sh=100&sm=fit, https://shiseido.ipscdn.net/sa2/dw/image/v2/BBSK_PRD/on/demandware.static/-/Sites-itemmaster_shiseido/default/dw984cf58a/images/hi-res/730852139350_Main.jpg?sw=100&sh=100&sm=fit, https://shiseido.ipscdn.net/sa2/dw/image/v2/BBSK_PRD/on/demandware.static/-/Sites-itemmaster_shiseido/default/dwdd305563/images/hi-res/730852139350_A2.jpg?sw=100&sh=100&sm=fit, https://shiseido.ipscdn.net/sa2/dw/image/v2/BBSK_PRD/on/demandware.static/-/Sites-itemmaster_shiseido/default/dw818b0e04/images/hi-res/0730852139350_A3.jpg?sw=100&sh=100&sm=fit","A rich, velvety-smooth age-defying foundation infused with anti-aging skincare ingredients for an exquisite luminous finish.Broad Spectrum SPF 20
We are experiencing manufacturing delays for select shades. Please sign up to be notified when it's back in stock. We apologize for the inconvenience."
SYNCHRO SKIN RADIANT LIFTING Foundation SPF 30,$47.00 ,"Select Color, 110- Alabaster, 120- Ivory, OUT OF STOCK -130- Opal, 140- Porcelain, OUT OF STOCK -150- Lace, 160- Shell, OUT OF STOCK -210- Birch, 220- Linen, 230- Alder, 240- Quartz, OUT OF STOCK -250- Sand, OUT OF STOCK -260- Cashmere, OUT OF STOCK -310- Silk, OUT OF STOCK -320- Pine, 330- Bamboo, OUT OF STOCK -340- Oak, 350- Maple, 360- Citrine, 410- Sunstone, 420- Bronze, 430- Cedar, 440- Amber, 450- Copper, 460- Topaz, 510- Suede, 520- Rosewood, 530- Henna, 540- Mahogany, 550- Jasper, 560- Obsidian","https://shiseido.ipscdn.net/sa2/dw/image/v2/BBSK_PRD/on/demandware.static/-/Sites-itemmaster_shiseido/default/dw5ae34d1d/images/2020/December/Foundation/0730852167407_2.jpg?sw=100&sh=100&sm=fit, https://shiseido.ipscdn.net/sa2/dw/image/v2/BBSK_PRD/on/demandware.static/-/Sites-itemmaster_shiseido/default/dwa9e555f6/images/2020/December/Foundation/0730852167407_3.jpg?sw=100&sh=100&sm=fit, https://shiseido.ipscdn.net/sa2/dw/image/v2/BBSK_PRD/on/demandware.static/-/Sites-itemmaster_shiseido/default/dw9e74759d/images/2020/December/Foundation/9990000000208_4.jpg?sw=100&sh=100&sm=fit, https://shiseido.ipscdn.net/sa2/dw/image/v2/BBSK_PRD/on/demandware.static/-/Sites-itemmaster_shiseido/default/dw9f9c0bea/images/2020/December/Foundation/9990000000208_5.jpg?sw=100&sh=100&sm=fit, https://shiseido.ipscdn.net/sa2/dw/image/v2/BBSK_PRD/on/demandware.static/-/Sites-itemmaster_shiseido/default/dw5de037d6/images/2020/December/Foundation/0730852167407_1.jpg?sw=100&sh=100&sm=fit, https://shiseido.ipscdn.net/sa2/dw/image/v2/BBSK_PRD/on/demandware.static/-/Sites-itemmaster_shiseido/default/dw5ae34d1d/images/2020/December/Foundation/0730852167407_2.jpg?sw=100&sh=100&sm=fit, https://shiseido.ipscdn.net/sa2/dw/image/v2/BBSK_PRD/on/demandware.static/-/Sites-itemmaster_shiseido/default/dwa9e555f6/images/2020/December/Foundation/0730852167407_3.jpg?sw=100&sh=100&sm=fit, https://shiseido.ipscdn.net/sa2/dw/image/v2/BBSK_PRD/on/demandware.static/-/Sites-itemmaster_shiseido/default/dw9e74759d/images/2020/December/Foundation/9990000000208_4.jpg?sw=100&sh=100&sm=fit, https://shiseido.ipscdn.net/sa2/dw/image/v2/BBSK_PRD/on/demandware.static/-/Sites-itemmaster_shiseido/default/dw9f9c0bea/images/2020/December/Foundation/9990000000208_5.jpg?sw=100&sh=100&sm=fit, https://shiseido.ipscdn.net/sa2/dw/image/v2/BBSK_PRD/on/demandware.static/-/Sites-itemmaster_shiseido/default/dw5de037d6/images/2020/December/Foundation/0730852167407_1.jpg?sw=100&sh=100&sm=fit, https://shiseido.ipscdn.net/sa2/dw/image/v2/BBSK_PRD/on/demandware.static/-/Sites-itemmaster_shiseido/default/dw5ae34d1d/images/2020/December/Foundation/0730852167407_2.jpg?sw=100&sh=100&sm=fit, https://shiseido.ipscdn.net/sa2/dw/image/v2/BBSK_PRD/on/demandware.static/-/Sites-itemmaster_shiseido/default/dwa9e555f6/images/2020/December/Foundation/0730852167407_3.jpg?sw=100&sh=100&sm=fit, https://shiseido.ipscdn.net/sa2/dw/image/v2/BBSK_PRD/on/demandware.static/-/Sites-itemmaster_shiseido/default/dw9e74759d/images/2020/December/Foundation/9990000000208_4.jpg?sw=100&sh=100&sm=fit, https://shiseido.ipscdn.net/sa2/dw/image/v2/BBSK_PRD/on/demandware.static/-/Sites-itemmaster_shiseido/default/dw9f9c0bea/images/2020/December/Foundation/9990000000208_5.jpg?sw=100&sh=100&sm=fit",We are experiencing manufacturing delays for this item. Please sign up to be notified when it's back in stock. We apologize for the inconvenience.
SYNCHRO SKIN SELF-REFRESHING Custom Finish Powder Foundation,$45.00 ,"Select Color, OUT OF STOCK -110- Alabaster, 130- Opal, 150- Lace, OUT OF STOCK -160- Shell, 220- Linen, 240- Quartz, 250- Sand, 310- Silk, 340- Oak, 350- Maple, OUT OF STOCK -360- Citrine, 410- Sunstone, 440- Amber, 450- Copper, 510- Suede, 530- Henna","https://shiseido.ipscdn.net/sa2/dw/image/v2/BBSK_PRD/on/demandware.static/-/Sites-itemmaster_shiseido/default/dw57f3586a/images/hi-res/0729238161139_5.jpg?sw=100&sh=100&sm=fit, https://shiseido.ipscdn.net/sa2/dw/image/v2/BBSK_PRD/on/demandware.static/-/Sites-itemmaster_shiseido/default/dwacc4c1cc/images/hi-res/0729238161139_6.jpg?sw=100&sh=100&sm=fit, https://shiseido.ipscdn.net/sa2/dw/image/v2/BBSK_PRD/on/demandware.static/-/Sites-itemmaster_shiseido/default/dw01553d43/images/hi-res/0729238161139_8.jpg?sw=100&sh=100&sm=fit, https://shiseido.ipscdn.net/sa2/dw/image/v2/BBSK_PRD/on/demandware.static/-/Sites-itemmaster_shiseido/default/dw94b795ee/images/hi-res/0729238161139_7.jpg?sw=100&sh=100&sm=fit, https://shiseido.ipscdn.net/sa2/dw/image/v2/BBSK_PRD/on/demandware.static/-/Sites-itemmaster_shiseido/default/dw256c68dd/images/hi-res/0729238161207_main.jpg?sw=100&sh=100&sm=fit, https://shiseido.ipscdn.net/sa2/dw/image/v2/BBSK_PRD/on/demandware.static/-/Sites-itemmaster_shiseido/default/dw1460fc05/images/hi-res/0729238161139_1.jpg?sw=100&sh=100&sm=fit, https://shiseido.ipscdn.net/sa2/dw/image/v2/BBSK_PRD/on/demandware.static/-/Sites-itemmaster_shiseido/default/dw4e79ed14/images/hi-res/0729238161139_4.jpg?sw=100&sh=100&sm=fit, https://shiseido.ipscdn.net/sa2/dw/image/v2/BBSK_PRD/on/demandware.static/-/Sites-itemmaster_shiseido/default/dw6cce4a28/images/hi-res/0729238161207_2.jpg?sw=100&sh=100&sm=fit, https://shiseido.ipscdn.net/sa2/dw/image/v2/BBSK_PRD/on/demandware.static/-/Sites-itemmaster_shiseido/default/dwa8e93dd9/images/hi-res/0729238161207_3.jpg?sw=100&sh=100&sm=fit, https://shiseido.ipscdn.net/sa2/dw/image/v2/BBSK_PRD/on/demandware.static/-/Sites-itemmaster_shiseido/default/dw57f3586a/images/hi-res/0729238161139_5.jpg?sw=100&sh=100&sm=fit, https://shiseido.ipscdn.net/sa2/dw/image/v2/BBSK_PRD/on/demandware.static/-/Sites-itemmaster_shiseido/default/dwacc4c1cc/images/hi-res/0729238161139_6.jpg?sw=100&sh=100&sm=fit, https://shiseido.ipscdn.net/sa2/dw/image/v2/BBSK_PRD/on/demandware.static/-/Sites-itemmaster_shiseido/default/dw01553d43/images/hi-res/0729238161139_8.jpg?sw=100&sh=100&sm=fit, https://shiseido.ipscdn.net/sa2/dw/image/v2/BBSK_PRD/on/demandware.static/-/Sites-itemmaster_shiseido/default/dw94b795ee/images/hi-res/0729238161139_7.jpg?sw=100&sh=100&sm=fit, https://shiseido.ipscdn.net/sa2/dw/image/v2/BBSK_PRD/on/demandware.static/-/Sites-itemmaster_shiseido/default/dw256c68dd/images/hi-res/0729238161207_main.jpg?sw=100&sh=100&sm=fit, https://shiseido.ipscdn.net/sa2/dw/image/v2/BBSK_PRD/on/demandware.static/-/Sites-itemmaster_shiseido/default/dw1460fc05/images/hi-res/0729238161139_1.jpg?sw=100&sh=100&sm=fit, https://shiseido.ipscdn.net/sa2/dw/image/v2/BBSK_PRD/on/demandware.static/-/Sites-itemmaster_shiseido/default/dw4e79ed14/images/hi-res/0729238161139_4.jpg?sw=100&sh=100&sm=fit, https://shiseido.ipscdn.net/sa2/dw/image/v2/BBSK_PRD/on/demandware.static/-/Sites-itemmaster_shiseido/default/dw6cce4a28/images/hi-res/0729238161207_2.jpg?sw=100&sh=100&sm=fit, https://shiseido.ipscdn.net/sa2/dw/image/v2/BBSK_PRD/on/demandware.static/-/Sites-itemmaster_shiseido/default/dwa8e93dd9/images/hi-res/0729238161207_3.jpg?sw=100&sh=100&sm=fit, https://shiseido.ipscdn.net/sa2/dw/image/v2/BBSK_PRD/on/demandware.static/-/Sites-itemmaster_shiseido/default/dw57f3586a/images/hi-res/0729238161139_5.jpg?sw=100&sh=100&sm=fit, https://shiseido.ipscdn.net/sa2/dw/image/v2/BBSK_PRD/on/demandware.static/-/Sites-itemmaster_shiseido/default/dwacc4c1cc/images/hi-res/0729238161139_6.jpg?sw=100&sh=100&sm=fit, https://shiseido.ipscdn.net/sa2/dw/image/v2/BBSK_PRD/on/demandware.static/-/Sites-itemmaster_shiseido/default/dw01553d43/images/hi-res/0729238161139_8.jpg?sw=100&sh=100&sm=fit, https://shiseido.ipscdn.net/sa2/dw/image/v2/BBSK_PRD/on/demandware.static/-/Sites-itemmaster_shiseido/default/dw94b795ee/images/hi-res/0729238161139_7.jpg?sw=100&sh=100&sm=fit","A creamy, powder foundation you can apply wet or dry for a customized, natural finish. This foundation, with ActiveForce™ technology, synchronizes with skin and self-refreshes nonstop for a 24-hour just-applied look and flawless finish."
SYNCHRO SKIN SELF-REFRESHING Concealer,$31.00 ,"Select Color, 101- Fair, 102- Fair, OUT OF STOCK -103- Fair, 201- Light, 202- Light, 203- Light, 301- Medium, 302- Medium, 303- Medium, 304- Medium, 401- Tan, OUT OF STOCK -402- Tan, 403- Tan, 501- Deep, 502- Deep, 503- Deep","https://shiseido.ipscdn.net/sa2/dw/image/v2/BBSK_PRD/on/demandware.static/-/Sites-itemmaster_shiseido/default/dw6af9dd01/images/shade_gallery/main-image/SMU_PDP_Complexion_On-Figure_Concealer_101_Helen_19AW.jpg?sw=100&sh=100&sm=fit, https://shiseido.ipscdn.net/sa2/dw/image/v2/BBSK_PRD/on/demandware.static/-/Sites-itemmaster_shiseido/default/dw68dcc0d0/images/after-before/s2248789-av-03.jpg?sw=100&sh=100&sm=fit, https://shiseido.ipscdn.net/sa2/dw/image/v2/BBSK_PRD/on/demandware.static/-/Sites-itemmaster_shiseido/default/dwb48b4f76/images/hi-res/9990000000192_4.jpg?sw=100&sh=100&sm=fit, https://shiseido.ipscdn.net/sa2/dw/image/v2/BBSK_PRD/on/demandware.static/-/Sites-itemmaster_shiseido/default/dwfba5e073/images/hi-res/9990000000192_3.jpg?sw=100&sh=100&sm=fit, https://shiseido.ipscdn.net/sa2/dw/image/v2/BBSK_PRD/on/demandware.static/-/Sites-itemmaster_shiseido/default/dwe4430974/images/hi-res/9990000000192_101Fair_main.jpg?sw=100&sh=100&sm=fit, https://shiseido.ipscdn.net/sa2/dw/image/v2/BBSK_PRD/on/demandware.static/-/Sites-itemmaster_shiseido/default/dwc7f47b08/images/hi-res/9990000000192_101Fair_1.jpg?sw=100&sh=100&sm=fit, https://shiseido.ipscdn.net/sa2/dw/image/v2/BBSK_PRD/on/demandware.static/-/Sites-itemmaster_shiseido/default/dw4d89b177/images/hi-res/9990000000192_2.jpg?sw=100&sh=100&sm=fit, https://shiseido.ipscdn.net/sa2/dw/image/v2/BBSK_PRD/on/demandware.static/-/Sites-itemmaster_shiseido/default/dw6af9dd01/images/shade_gallery/main-image/SMU_PDP_Complexion_On-Figure_Concealer_101_Helen_19AW.jpg?sw=100&sh=100&sm=fit, https://shiseido.ipscdn.net/sa2/dw/image/v2/BBSK_PRD/on/demandware.static/-/Sites-itemmaster_shiseido/default/dw68dcc0d0/images/after-before/s2248789-av-03.jpg?sw=100&sh=100&sm=fit, https://shiseido.ipscdn.net/sa2/dw/image/v2/BBSK_PRD/on/demandware.static/-/Sites-itemmaster_shiseido/default/dwb48b4f76/images/hi-res/9990000000192_4.jpg?sw=100&sh=100&sm=fit, https://shiseido.ipscdn.net/sa2/dw/image/v2/BBSK_PRD/on/demandware.static/-/Sites-itemmaster_shiseido/default/dwfba5e073/images/hi-res/9990000000192_3.jpg?sw=100&sh=100&sm=fit, https://shiseido.ipscdn.net/sa2/dw/image/v2/BBSK_PRD/on/demandware.static/-/Sites-itemmaster_shiseido/default/dwe4430974/images/hi-res/9990000000192_101Fair_main.jpg?sw=100&sh=100&sm=fit, https://shiseido.ipscdn.net/sa2/dw/image/v2/BBSK_PRD/on/demandware.static/-/Sites-itemmaster_shiseido/default/dwc7f47b08/images/hi-res/9990000000192_101Fair_1.jpg?sw=100&sh=100&sm=fit, https://shiseido.ipscdn.net/sa2/dw/image/v2/BBSK_PRD/on/demandware.static/-/Sites-itemmaster_shiseido/default/dw4d89b177/images/hi-res/9990000000192_2.jpg?sw=100&sh=100&sm=fit, https://shiseido.ipscdn.net/sa2/dw/image/v2/BBSK_PRD/on/demandware.static/-/Sites-itemmaster_shiseido/default/dw6af9dd01/images/shade_gallery/main-image/SMU_PDP_Complexion_On-Figure_Concealer_101_Helen_19AW.jpg?sw=100&sh=100&sm=fit, https://shiseido.ipscdn.net/sa2/dw/image/v2/BBSK_PRD/on/demandware.static/-/Sites-itemmaster_shiseido/default/dw68dcc0d0/images/after-before/s2248789-av-03.jpg?sw=100&sh=100&sm=fit, https://shiseido.ipscdn.net/sa2/dw/image/v2/BBSK_PRD/on/demandware.static/-/Sites-itemmaster_shiseido/default/dwb48b4f76/images/hi-res/9990000000192_4.jpg?sw=100&sh=100&sm=fit, https://shiseido.ipscdn.net/sa2/dw/image/v2/BBSK_PRD/on/demandware.static/-/Sites-itemmaster_shiseido/default/dwfba5e073/images/hi-res/9990000000192_3.jpg?sw=100&sh=100&sm=fit",A liquid concealer that immediately diminishes the appearance of imperfections. Medium to full coverage. 24-hour wear. Natural finish.
SYNCHRO SKIN Soft Blurring Primer,$36.00 ,,"https://shiseido.ipscdn.net/sa2/dw/image/v2/BBSK_PRD/on/demandware.static/-/Sites-itemmaster_shiseido/default/dwb9f80bc8/images/2020/December/Primer/0730852167629_1.jpg?sw=100&sh=100&sm=fit, https://shiseido.ipscdn.net/sa2/dw/image/v2/BBSK_PRD/on/demandware.static/-/Sites-itemmaster_shiseido/default/dw8dc734c4/images/2020/December/Primer/0730852167629_2.jpg?sw=100&sh=100&sm=fit","A water-based primer that uses advanced light diffusion technology to refine the appearance of pores, erase excess shine, and blur imperfections for a soft-focus finish."
TSUTSU FUDE Concealer Brush,$25.00 ,,https://shiseido.ipscdn.net/sa2/dw/image/v2/BBSK_PRD/on/demandware.static/-/Sites-itemmaster_shiseido/default/dw6928a713/images/hi-res/0729238161351_main.jpg?sw=100&sh=100&sm=fit,"This cylindrical shaped concealer brush is specially designed for applying, patting and blending concealer over imperfections."
SYNCHRO SKIN Invisible Silk Loose Powder,$38.00 ,"Select Color, 1- Radiant, 2- Matte","https://shiseido.ipscdn.net/sa2/dw/image/v2/BBSK_PRD/on/demandware.static/-/Sites-itemmaster_shiseido/default/dw394768b7/images/hi-res/9990000000191_Radiant_3.jpg?sw=100&sh=100&sm=fit, https://shiseido.ipscdn.net/sa2/dw/image/v2/BBSK_PRD/on/demandware.static/-/Sites-itemmaster_shiseido/default/dw25f5f03f/images/hi-res/9990000000191_Radiant_4.jpg?sw=100&sh=100&sm=fit, https://shiseido.ipscdn.net/sa2/dw/image/v2/BBSK_PRD/on/demandware.static/-/Sites-itemmaster_shiseido/default/dw63c493c4/images/hi-res/9990000000191_5.jpg?sw=100&sh=100&sm=fit, https://shiseido.ipscdn.net/sa2/dw/image/v2/BBSK_PRD/on/demandware.static/-/Sites-itemmaster_shiseido/default/dw84e066a7/images/hi-res/9990000000191_6.jpg?sw=100&sh=100&sm=fit, https://shiseido.ipscdn.net/sa2/dw/image/v2/BBSK_PRD/on/demandware.static/-/Sites-itemmaster_shiseido/default/dw2835a4f6/images/hi-res/9990000000191_Radiant_main.jpg?sw=100&sh=100&sm=fit, https://shiseido.ipscdn.net/sa2/dw/image/v2/BBSK_PRD/on/demandware.static/-/Sites-itemmaster_shiseido/default/dw0c66e38a/images/hi-res/9990000000191_Radiant_1.jpg?sw=100&sh=100&sm=fit, https://shiseido.ipscdn.net/sa2/dw/image/v2/BBSK_PRD/on/demandware.static/-/Sites-itemmaster_shiseido/default/dw2a325e83/images/hi-res/9990000000191_Radiant_2.jpg?sw=100&sh=100&sm=fit, https://shiseido.ipscdn.net/sa2/dw/image/v2/BBSK_PRD/on/demandware.static/-/Sites-itemmaster_shiseido/default/dw394768b7/images/hi-res/9990000000191_Radiant_3.jpg?sw=100&sh=100&sm=fit, https://shiseido.ipscdn.net/sa2/dw/image/v2/BBSK_PRD/on/demandware.static/-/Sites-itemmaster_shiseido/default/dw25f5f03f/images/hi-res/9990000000191_Radiant_4.jpg?sw=100&sh=100&sm=fit, https://shiseido.ipscdn.net/sa2/dw/image/v2/BBSK_PRD/on/demandware.static/-/Sites-itemmaster_shiseido/default/dw63c493c4/images/hi-res/9990000000191_5.jpg?sw=100&sh=100&sm=fit, https://shiseido.ipscdn.net/sa2/dw/image/v2/BBSK_PRD/on/demandware.static/-/Sites-itemmaster_shiseido/default/dw84e066a7/images/hi-res/9990000000191_6.jpg?sw=100&sh=100&sm=fit, https://shiseido.ipscdn.net/sa2/dw/image/v2/BBSK_PRD/on/demandware.static/-/Sites-itemmaster_shiseido/default/dw2835a4f6/images/hi-res/9990000000191_Radiant_main.jpg?sw=100&sh=100&sm=fit, https://shiseido.ipscdn.net/sa2/dw/image/v2/BBSK_PRD/on/demandware.static/-/Sites-itemmaster_shiseido/default/dw0c66e38a/images/hi-res/9990000000191_Radiant_1.jpg?sw=100&sh=100&sm=fit, https://shiseido.ipscdn.net/sa2/dw/image/v2/BBSK_PRD/on/demandware.static/-/Sites-itemmaster_shiseido/default/dw2a325e83/images/hi-res/9990000000191_Radiant_2.jpg?sw=100&sh=100&sm=fit, https://shiseido.ipscdn.net/sa2/dw/image/v2/BBSK_PRD/on/demandware.static/-/Sites-itemmaster_shiseido/default/dw394768b7/images/hi-res/9990000000191_Radiant_3.jpg?sw=100&sh=100&sm=fit, https://shiseido.ipscdn.net/sa2/dw/image/v2/BBSK_PRD/on/demandware.static/-/Sites-itemmaster_shiseido/default/dw25f5f03f/images/hi-res/9990000000191_Radiant_4.jpg?sw=100&sh=100&sm=fit, https://shiseido.ipscdn.net/sa2/dw/image/v2/BBSK_PRD/on/demandware.static/-/Sites-itemmaster_shiseido/default/dw63c493c4/images/hi-res/9990000000191_5.jpg?sw=100&sh=100&sm=fit, https://shiseido.ipscdn.net/sa2/dw/image/v2/BBSK_PRD/on/demandware.static/-/Sites-itemmaster_shiseido/default/dw84e066a7/images/hi-res/9990000000191_6.jpg?sw=100&sh=100&sm=fit","An air-light, ultra-fine powder that synchronizes with your skin and enhances the finish and wear of your makeup."
InnerGlow Cheek Makeup: Blush and Highlighter,$29.00 ,"Select Color, Inner Light- 01, Twilight Hour- 02, Floating Rose- 03, Aura Pink- 04, OUT OF STOCK -Solar Haze- 05, Alpen Glow- 06, Cocoa Dusk- 07, Berry Dawn- 08, Ambient White- 09, Medusa Pink- 10","https://shiseido.ipscdn.net/sa2/dw/image/v2/BBSK_PRD/on/demandware.static/-/Sites-itemmaster_shiseido/default/dwa4c6bfa1/images/hi-res/0730852151079.jpg?sw=100&sh=100&sm=fit, https://shiseido.ipscdn.net/sa2/dw/image/v2/BBSK_PRD/on/demandware.static/-/Sites-itemmaster_shiseido/default/dw5e081b72/images/alt1/0730852151079.jpg?sw=100&sh=100&sm=fit, https://shiseido.ipscdn.net/sa2/dw/image/v2/BBSK_PRD/on/demandware.static/-/Sites-itemmaster_shiseido/default/dw998e5175/images/alt2/0730852151079.jpg?sw=100&sh=100&sm=fit, https://shiseido.ipscdn.net/sa2/dw/image/v2/BBSK_PRD/on/demandware.static/-/Sites-itemmaster_shiseido/default/dwaa2996ac/images/alt3/0730852151079.jpg?sw=100&sh=100&sm=fit","This blush and highlighter hybrid seamlessly enhances, highlights, and contours with airy, weightless finish."
HANATSUBAKI HAKE Polishing Face Brush,$49.00 ,,"https://shiseido.ipscdn.net/sa2/dw/image/v2/BBSK_PRD/on/demandware.static/-/Sites-itemmaster_shiseido/default/dwb11672ed/images/hi-res/0729238161368_main.jpg?sw=100&sh=100&sm=fit, https://shiseido.ipscdn.net/sa2/dw/image/v2/BBSK_PRD/on/demandware.static/-/Sites-itemmaster_shiseido/default/dw5fe642d6/images/hi-res/0729238161368_1.jpg?sw=100&sh=100&sm=fit, https://shiseido.ipscdn.net/sa2/dw/image/v2/BBSK_PRD/on/demandware.static/-/Sites-itemmaster_shiseido/default/dw09d609ac/images/hi-res/0729238161368_2.jpg?sw=100&sh=100&sm=fit",Four-petal face brush that is uniquely designed to contour to face and buff skin to a polished finish.
SYNCHRO SKIN Correcting GelStick Concealer,$31.00 ,"Select Color, 101- Fair, OUT OF STOCK -102- Fair, 103- Fair, OUT OF STOCK -201- Light, OUT OF STOCK -202- Light, OUT OF STOCK -203- Light, OUT OF STOCK -301- Medium, OUT OF STOCK -302- Medium, OUT OF STOCK -303- Medium, OUT OF STOCK -304- Medium, OUT OF STOCK -401- Tan, 402- Tan, 403- Tan, 501- Deep, 502- Deep, 503- Deep","https://shiseido.ipscdn.net/sa2/dw/image/v2/BBSK_PRD/on/demandware.static/-/Sites-itemmaster_shiseido/default/dwfc1df364/images/hi-res/9990000000194_103Fair_main.jpg?sw=100&sh=100&sm=fit, https://shiseido.ipscdn.net/sa2/dw/image/v2/BBSK_PRD/on/demandware.static/-/Sites-itemmaster_shiseido/default/dw4cdaa209/images/hi-res/9990000000194_103Fair_1.jpg?sw=100&sh=100&sm=fit, https://shiseido.ipscdn.net/sa2/dw/image/v2/BBSK_PRD/on/demandware.static/-/Sites-itemmaster_shiseido/default/dw2a30cce8/images/hi-res/9990000000194_2.jpg?sw=100&sh=100&sm=fit","An innovation in stick concealer. Three advanced gels create an ideal new balance of cushioning, weightlessness and crease-resistant coverage. Covers beautifully with just a swipe and stays in place for 24 hours."
Minimalist WhippedPowder Blush,$29.00 ,"Select Color, Sayoko- 06, OUT OF STOCK -Setsuko- 07","https://shiseido.ipscdn.net/sa2/dw/image/v2/BBSK_PRD/on/demandware.static/-/Sites-itemmaster_shiseido/default/dw95b8d2a0/images/alt1/0730852148772-main.jpg?sw=100&sh=100&sm=fit, https://shiseido.ipscdn.net/sa2/dw/image/v2/BBSK_PRD/on/demandware.static/-/Sites-itemmaster_shiseido/default/dwed412111/images/alt1/0730852148772.jpg?sw=100&sh=100&sm=fit, https://shiseido.ipscdn.net/sa2/dw/image/v2/BBSK_PRD/on/demandware.static/-/Sites-itemmaster_shiseido/default/dw89a09a0d/images/alt2/0730852148772.jpg?sw=100&sh=100&sm=fit, https://shiseido.ipscdn.net/sa2/dw/image/v2/BBSK_PRD/on/demandware.static/-/Sites-itemmaster_shiseido/default/dw13840e13/images/hi-res/0730852148772.jpg?sw=100&sh=100&sm=fit",Please Note: This product is being discontinued and will no longer be available once it sells out.A great replacement is our InnerGlow CheekPowder
SYNCHRO SKIN SELF-REFRESHING Foundation SPF 30,$47.00 ,"Select Color, OUT OF STOCK -110- Alabaster, OUT OF STOCK -120- Ivory, OUT OF STOCK -130- Opal, OUT OF STOCK -140- Porcelain, OUT OF STOCK -150- Lace, 160- Shell, OUT OF STOCK -210- Birch, OUT OF STOCK -220- Linen, OUT OF STOCK -230- Alder, OUT OF STOCK -240- Quartz, OUT OF STOCK -250- Sand, OUT OF STOCK -260- Cashmere, OUT OF STOCK -310- Silk, OUT OF STOCK -320- Pine, OUT OF STOCK -330- Bamboo, OUT OF STOCK -340- Oak, OUT OF STOCK -350- Maple, OUT OF STOCK -360- Citrine, OUT OF STOCK -410- Sunstone, 420- Bronze, 430- Cedar, 440- Amber, OUT OF STOCK -450- Copper, 460- Topaz, 510- Suede, OUT OF STOCK -520- Rosewood, 530- Henna, 540- Mahogany, OUT OF STOCK -550- Jasper, 560- Obsidian","https://shiseido.ipscdn.net/sa2/dw/image/v2/BBSK_PRD/on/demandware.static/-/Sites-itemmaster_shiseido/default/dw0937a033/images/hi-res/9990000000193_2.jpg?sw=100&sh=100&sm=fit, https://shiseido.ipscdn.net/sa2/dw/image/v2/BBSK_PRD/on/demandware.static/-/Sites-itemmaster_shiseido/default/dw50a8a8e2/images/shade_gallery/main-image/SMU_PDP_Complexion_On-Figure_Foundation_420_Bronze_19AW.jpg?sw=100&sh=100&sm=fit, https://shiseido.ipscdn.net/sa2/dw/image/v2/BBSK_PRD/on/demandware.static/-/Sites-itemmaster_shiseido/default/dw69b36795/images/after-before/SHI-WEB-F19-142_SS_FDN_B+A_420Bronze.jpg?sw=100&sh=100&sm=fit, https://shiseido.ipscdn.net/sa2/dw/image/v2/BBSK_PRD/on/demandware.static/-/Sites-itemmaster_shiseido/default/dwf05f6a7c/images/hi-res/9990000000193_benefits.jpg?sw=100&sh=100&sm=fit, https://shiseido.ipscdn.net/sa2/dw/image/v2/BBSK_PRD/on/demandware.static/-/Sites-itemmaster_shiseido/default/dwccc29515/images/hi-res/9990000000193_420Bronze_main.jpg?sw=100&sh=100&sm=fit, https://shiseido.ipscdn.net/sa2/dw/image/v2/BBSK_PRD/on/demandware.static/-/Sites-itemmaster_shiseido/default/dw4db1940d/images/hi-res/9990000000193_420Bronze_1.jpg?sw=100&sh=100&sm=fit, https://shiseido.ipscdn.net/sa2/dw/image/v2/BBSK_PRD/on/demandware.static/-/Sites-itemmaster_shiseido/default/dw0937a033/images/hi-res/9990000000193_2.jpg?sw=100&sh=100&sm=fit, https://shiseido.ipscdn.net/sa2/dw/image/v2/BBSK_PRD/on/demandware.static/-/Sites-itemmaster_shiseido/default/dw50a8a8e2/images/shade_gallery/main-image/SMU_PDP_Complexion_On-Figure_Foundation_420_Bronze_19AW.jpg?sw=100&sh=100&sm=fit, https://shiseido.ipscdn.net/sa2/dw/image/v2/BBSK_PRD/on/demandware.static/-/Sites-itemmaster_shiseido/default/dw69b36795/images/after-before/SHI-WEB-F19-142_SS_FDN_B+A_420Bronze.jpg?sw=100&sh=100&sm=fit, https://shiseido.ipscdn.net/sa2/dw/image/v2/BBSK_PRD/on/demandware.static/-/Sites-itemmaster_shiseido/default/dwf05f6a7c/images/hi-res/9990000000193_benefits.jpg?sw=100&sh=100&sm=fit, https://shiseido.ipscdn.net/sa2/dw/image/v2/BBSK_PRD/on/demandware.static/-/Sites-itemmaster_shiseido/default/dwccc29515/images/hi-res/9990000000193_420Bronze_main.jpg?sw=100&sh=100&sm=fit, https://shiseido.ipscdn.net/sa2/dw/image/v2/BBSK_PRD/on/demandware.static/-/Sites-itemmaster_shiseido/default/dw4db1940d/images/hi-res/9990000000193_420Bronze_1.jpg?sw=100&sh=100&sm=fit, https://shiseido.ipscdn.net/sa2/dw/image/v2/BBSK_PRD/on/demandware.static/-/Sites-itemmaster_shiseido/default/dw0937a033/images/hi-res/9990000000193_2.jpg?sw=100&sh=100&sm=fit, https://shiseido.ipscdn.net/sa2/dw/image/v2/BBSK_PRD/on/demandware.static/-/Sites-itemmaster_shiseido/default/dw50a8a8e2/images/shade_gallery/main-image/SMU_PDP_Complexion_On-Figure_Foundation_420_Bronze_19AW.jpg?sw=100&sh=100&sm=fit, https://shiseido.ipscdn.net/sa2/dw/image/v2/BBSK_PRD/on/demandware.static/-/Sites-itemmaster_shiseido/default/dw69b36795/images/after-before/SHI-WEB-F19-142_SS_FDN_B+A_420Bronze.jpg?sw=100&sh=100&sm=fit, https://shiseido.ipscdn.net/sa2/dw/image/v2/BBSK_PRD/on/demandware.static/-/Sites-itemmaster_shiseido/default/dwf05f6a7c/images/hi-res/9990000000193_benefits.jpg?sw=100&sh=100&sm=fit","A weightless foundation, with ActiveForce™ technology, that synchronizes with skin and self-refreshes nonstop for a 24-hour just-applied look and flawless finish.
We are experiencing manufacturing delays for this item. Please sign up to be notified when it's back in stock. We apologize for the inconvenience."
SYNCHRO SKIN Invisible Silk Pressed Powder,$38.00 ,,"https://shiseido.ipscdn.net/sa2/dw/image/v2/BBSK_PRD/on/demandware.static/-/Sites-itemmaster_shiseido/default/dw735970f4/images/hi-res/0730852161290_main.jpg?sw=100&sh=100&sm=fit, https://shiseido.ipscdn.net/sa2/dw/image/v2/BBSK_PRD/on/demandware.static/-/Sites-itemmaster_shiseido/default/dw4f09f297/images/hi-res/0730852161290_1.jpg?sw=100&sh=100&sm=fit, https://shiseido.ipscdn.net/sa2/dw/image/v2/BBSK_PRD/on/demandware.static/-/Sites-itemmaster_shiseido/default/dwfe09aef3/images/hi-res/0730852161290_2.jpg?sw=100&sh=100&sm=fit","A silky-smooth pressed powder that synchronizes with your skin for a polished, smooth and shine-free makeup finish."
Total Radiance Loose Powder,$67.00 ,,"https://shiseido.ipscdn.net/sa2/dw/image/v2/BBSK_PRD/on/demandware.static/-/Sites-itemmaster_shiseido/default/dw24673c60/images/hi-res/729238139428_Main.jpg?sw=100&sh=100&sm=fit, https://shiseido.ipscdn.net/sa2/dw/image/v2/BBSK_PRD/on/demandware.static/-/Sites-itemmaster_shiseido/default/dw8decae10/images/hi-res/729238139428_A1.jpg?sw=100&sh=100&sm=fit, https://shiseido.ipscdn.net/sa2/dw/image/v2/BBSK_PRD/on/demandware.static/-/Sites-itemmaster_shiseido/default/dw4da230b2/images/hi-res/729238139428_A2.jpg?sw=100&sh=100&sm=fit",A silky-smooth powder infused with Japanese botanical ingredients to set makeup for a sheer luminous finish and lasting wear.
